program_name,state,city,zip_code,incentive_type,service_category,property_type,description,eligibility_criteria,incentive_amount,valid_until,updated_at,program_links
Solar and CHP Sales Tax Exemption,Florida,,,Tax Credits,,,"Solar energy systems have been exempt from Florida's sales and use tax since July 1, 1997. The term ""solar energy system"" means the equipment and requisite hardware that provide and are used for collecting, transferring, converting, storing, or using incidental solar energy for water heating, space heating and cooling, or other applications that would otherwise require the use of a conventional source of energy such as petroleum products, natural gas, manufactured gas or electricity. This exemption was originally set to expire on July 1, 2002, but it was extended for three more three years. In",Equipment Requirements: Solar equipment must be certified by Florida Solar Energy Center,100%,,"January 2, 2026",https://programs.dsireusa.org/system/program/detail/243
Business Energy Investment Tax Credit (ITC),Florida,,,Tax Credits,,Commercial,"Note: The One Big Beautiful Bill ( OBBB ) made significant changes to this tax credit. To qualify for the tax credit, solar and wind energy systems must be either placed in service by December 31, 2027, or construction must commence by July 4, 2026. An Executive Order issued on July 7, 2025 directed the Secretary of Treasury to issue new and revised guidance within 45 days ""to ensure that policies concerning the 'beginning of construction' are not circumvented, including by preventing the artificial acceleration or manipulation of eligibility and by restricting the use of broad safe harbors un","Eligible technologies: Combined Heat & Power, Fuel Cells using Non-Renewable Fuels, Fuel Cells using Renewable Fuels, Geothermal Direct-Use, Geothermal Electric, Geothermal Heat Pumps, Lithium-ion, Microturbines, Municipal Solid Waste, Offshore Wind, Solar Photovoltaics, Solar Space Heat, Solar Thermal Electric, Solar Thermal Process Heat, Solar Water Heat, Tidal, Wind (All), Wind (Small)",6%,,"July 16, 2025",https://programs.dsireusa.org/system/program/detail/658
Residential Energy Conservation Subsidy Exclusion (Personal),Florida,,,Tax Credits,,,"According to Section 136 of the U.S. Code, energy conservation subsidies provided (directly or indirectly) to customers by public utilities* are non-taxable. This exclusion does not apply to electricity-generating systems registered as ""qualifying facilities"" under the Public Utility Regulatory Policies Act of 1978 (PURPA). If a taxpayer claims federal tax credits or deductions for the energy conservation property, the investment basis for the purpose of claiming the deduction or tax credit must be reduced by the value of the energy conservation subsidy (i.e., a taxpayer may not claim a tax cr",,100%,,"March 26, 2026",http://www.irs.gov/publications/p525/index.html
Modified Accelerated Cost-Recovery System (MACRS),Florida,,,Tax Credits,,,"Note: The One Big Beautiful Bill ( OBBB ) repealed the ability for ""energy property"" to qualify for the 5-year Modified Accelerated Cost-Recovery System (MACRS). Instead, the OBBB permanently restored 100% bonus depreciation in year one. The summary below discusses MACRS as it existed for energy property prior to the enactment of the OBBB. Prior to the OBBB, The Tax Cuts and Jobs Act of 2017 increased bonus depreciation to 100% for qualified property acquired and placed in service after September 27, 2017 and before January 1, 2023. Bonus depreciation steps down by 20% each year beginning",,100%,,"July 25, 2025",https://programs.dsireusa.org/system/program/detail/676
Residential Energy Conservation Subsidy Exclusion (Corporate),Florida,,,Tax Credits,,,"According to Section 136 of the U.S. Code, energy conservation subsidies provided (directly or indirectly) to customers by public utilities* are non-taxable. This exclusion does not apply to electricity-generating systems registered as ""qualifying facilities"" under the Public Utility Regulatory Policies Act of 1978 (PURPA). If a taxpayer claims federal tax credits or deductions for the energy conservation property, the investment basis for the purpose of claiming the deduction or tax credit must be reduced by the value of the energy conservation subsidy (i.e., a taxpayer may not claim a tax cr",,100%,,"March 26, 2026",http://www.irs.gov/publications/p525/index.html
Renewable Electricity Production Tax Credit (PTC),Florida,,,Tax Credits,,Commercial,"Note: The One Big Beautiful Bill ( OBBB ) made significant changes to this tax credit. To qualify for the tax credit, solar and wind energy systems must be either placed in service by December 31, 2027, or construction must commence by July 4, 2026. An Executive Order issued on July 7, 2025 directed the Secretary of Treasury to issue new and revised guidance within 45 days ""to ensure that policies concerning the 'beginning of construction' are not circumvented, including by preventing the artificial acceleration or manipulation of eligibility and by restricting the use of broad safe harbors un","Eligible System Size: Marine and Hydrokinetic: Minimum nameplate capacity rating of 150 kW Open-Loop Biomass Facilities Using Agricultural Livestock Waste: Minimum nameplate capacity of 150 kW; Equipment Requirements: None specified; Installation Requirements: None specified; Eligible technologies: Geothermal Electric, Hydroelectric, Landfill Gas, Municipal Solid Waste, Offshore Wind, Solar Photovoltaics, Wind (All), Wind (Small)","Systems commencing construction on or after 2022 and meeting labor requirements, and systems under 1 MW Wind, Closed-Loop Biomass, Solar, Geothermal: $0.0275/kWh Other eligible technologies: $0.015/kWh Systems over 1 MW commencing construction on or after 2022 and NOT meeting labor requirements Wind, Closed-Loop Biomass, Solar, Geothermal: $0.0055/kWh Other eligible technologies: $0.003/kWh Applies to first 10 years of operation",,"July 18, 2025",https://www.energy.gov/eere/solar/federal-solar-tax-credits-businesses
USDA - Rural Energy for America Program (REAP) Grants,Florida,,,Grants,,Commercial,"Note: The U.S. Department of Agriculture's Rural Development issues periodic Notices of Solicitation of Applications for the Rural Energy for America Program (REAP) in the Federal Register. The Rural Energy for America Program (REAP) provides financial assistance to agricultural producers and rural small businesses in America to purchase, install, and construct renewable energy systems, make energy efficiency improvements to non-residential buildings and facilities, use renewable technologies that reduce energy consumption, and participate in energy audits and renewable energy development assi","Eligible technologies: Biomass, Geothermal Electric, Hydrogen, Solar Photovoltaics, Wind (All)","Renewable Grants: up to $1 million Efficiency Grants: up to $500,000 Loan and Grant Combination: Grant portion must exceed $1,500",,"August 28, 2024",http://www.rd.usda.gov/reap
Office of Indian Energy Policy and Programs - Funding Opportunities,Florida,,,Grants,,,"The U.S. Department of Energy's (DOE) Office of Indian Energy Policy and Programs promotes tribal energy sufficiency, economic growth, and employment on tribal lands through the development of renewable energy and energy efficiency technologies. The program provides financial assistance, technical assistance, and education and training to tribes for the evaluation and development of renewable energy resources and energy efficiency measures. DOE's program offerings consist of program management through DOE headquarters, program implementation and project management through DOE's field offices",,Varies by solicitation,,"May 16, 2025",https://www.energy.gov/indianenergy/office-indian-energy-policy-and-programs
Residential Renewable Energy Tax Credit,Florida,,,Tax Credits,,Residential,"Note: Section 70506 of The One Big Beautiful Bill ( OBBB ) repealed this tax credit for any expenditures made after December 31, 2025. A taxpayer may claim a credit for a system that serves a dwelling unit located in the United States that is owned and used as a residence by the taxpayer. Expenditures with respect to the equipment are treated as made when the installation is completed. If the installation is at a new home, the ""placed in service"" date is the date of occupancy by the homeowner. Expenditures include labor costs for on-site preparation, assembly or original system installation, a","Equipment Requirements: Solar water heating property must be certified by SRCC or a comparable entity endorsed by the state where the system is installed. At least half the energy used to heat the dwelling's water must be fr; Eligible technologies: Fuel Cells using Renewable Fuels, Geothermal Heat Pumps, Solar Photovoltaics, Solar Water Heat, Wind (Small)",30%,12/31/2025,"July 25, 2025",https://www.energy.gov/save/home-upgrades
Energy-Efficient Commercial Buildings Tax Deduction,Florida,,,Tax Credits,,,"Note: Section 70507 of The One Big Beautiful Bill ( OBBB ) repealed this tax credit for property the construction of which begins after June 30, 2026. The federal Energy Policy Act of 2005 established a tax deduction for energy-efficient commercial buildings applicable to qualifying systems and buildings placed in service from January 1, 2006, through December 31, 2007. This deduction was subsequently extended several times, and is now permanent. A tax deduction is available to owners of qualified commercial buildings and designers of energy efficient commercial building property (EECBP) or en",,"Building Projects That Do Not Meet the Labor Provisions: $0.50 per square foot for a building with 25% energy savings, plus $0.02 per square foot for each percentage point above 25%, up to a maximum of $1.00 per square foot for a building with 50% energy savings Building Projects That Do Meet the Labor Provisions: $2.50 per square foot for a building with 25% energy savings, plus $0.10 per square foot for each percentage point above 25%, up to a maximum of $5.00 per square foot for a building wi",06/30/2026,"July 25, 2025",https://www.irs.gov/credits-deductions/energy-efficient-commercial-buildings-deduction
Energy-Efficient New Homes Tax Credit for Home Builders,Florida,,,Tax Credits,,,"Note: Section 70508 of The One Big Beautiful Bill ( OBBB ) repealed this tax credit for homes constructed and acquired after June 30, 2026. Tax Credit for homes constructed and acquired before January 1, 2023: The federal Energy Policy Act of 2005 established tax credits of up to $2,000 for builders of all new energy-efficient homes, including manufactured homes constructed in accordance with the Federal Manufactured Homes Construction and Safety Standards. Initially scheduled to expire at the end of 2007, the tax credit was extended several times The home qualifies for the credit if: It is lo",,"Varies, see summary below",06/30/2026,"July 25, 2025",https://programs.dsireusa.org/system/program/detail/1272
Residential Energy Efficiency Tax Credit,Florida,,,Tax Credits,,,"Note: Section 70505 of The One Big Beautiful Bill ( OBBB ) repealed this tax credit for equipment placed in service after December 31, 2025. Property placed in service after 12/31/2022 and before 1/1/2026: H.R. 5376 of 2022 modified the value of this tax credit, making it 30% of the cost of an item or improvement. Each item or improvement has a separate tax credit cap as shown below, and a taxpayer cannot claim more than $1,200 in total tax credits per year, except as specified. Building Envelope Improvements Owners of existing homes may receive a tax credit worth 30% of the cost of upgrading",Equipment Requirements: Equipment must be new and in compliance with all applicable performance and safety standards as described in tax code,Varies (see below),12/31/2025,"July 25, 2025",https://www.energy.gov/save/home-upgrades
Tampa Electric - Residential Energy Efficiency Rebate Program,Florida,,,Rebates,,Residential & Commercial,"Tampa Electric provides a variety of financial incentives to promote energy efficiency in the residential sector. The Ductwork Rebate Program gives Tampa Electric customers the opportunity to have a trained professional appraise a home's duct system for accessibility and repair needs, seal any leaks, and help minimize future leaks for only $80. Tampa Electric also offers a free energy audit to identify areas where homeowners could save energy and money. Another energy-saving measure offered by Tampa Electric is the Energy Planner, which allows customers to program their thermostats and applian","Eligible technologies: Building Insulation, Heat pumps, Pool Pumps, Programmable Thermostats",Energy Audit: FREE Prime Time Plus: FREE Energy Planner: FREE Ductwork Program: Discount-Eligible Ceiling Insulation: $0.15 per square foot Window Replacement: $0.76 per square foot Heating and Cooling Heat Pumps: $135 Straight Cool/ Natural Gas Heat: $135 Heat Pump Mini Split: $135 Geothermal Systems: $135 Smart Thermostats: Up to $50 Pool Pump: Up to $350 Weatherization: Free for qualifying homes,,"July 5, 2024",http://www.tampaelectric.com/residential/saveenergy/
Duke Energy Florida - Smart $aver Commercial Energy Efficiency Rebate Program,Florida,,,Rebates,,,"Duke Energy Florida offers incentives to its business customers for replacing their old equipment with high-efficiency models, and for making improvements to their existing equipment. Interested customers should refer to the program website and related brochures for more details including incentive levels and equipment requirements",Equipment Requirements: See program website for information on equipment requirements,"Building Envelope Improvements Ceiling Insulation Upgrade (available for retrofit projects only): $0.17/sq. ft. Wall Insulation (available for retrofit projects only): $0.10/sq. ft. HVAC Equipment High-Efficiency Chillers: $20 per ton Large Unitary AC Units and Heat Pumps >65,000 Btu/h: $50 per ton Packaged Terminal Heat Pumps and Air Conditioners (available for retrofit projects only): $67 per ton Small Heat Pumps <65,000 Btu/h (available for retrofit projects only): $50 per ton HVAC-Related Im",,"February 20, 2025",https://www.duke-energy.com/business/products/smartsaver
Florida Power and Light - Business Energy Efficiency Rebates,Florida,,,Rebates,,,"Florida Power and Light (FPL) offers incentives for its business customers to upgrade the HVAC system, building envelope, water heating, refrigeration and lighting systems. The individual rebates vary according to system size and efficiency rating. All equipment must meet program requirements for purchase, installation and energy efficiency. To find out more about these incentives, as well as renewable energy programs such as net metering, please visit the program web site or contact utility",,"Varies, contact utility",,"February 17, 2025",http://www.fpl.com/business/energy_saving/programs/index.shtml
Gainesville Regional Utilities - Energy Efficiency Rebate Program,Florida,,,Rebates,,Residential,Gainesville Regional Utilities (GRU) offers an incentive to business customers for upgrading or installing fuel efficient natural gas equipment at eligible facilities. Incentives are available for natural gas heating systems. Rental property owners also qualify for a number of rebates offered through this program that would otherwise apply specifically to residential customers. All equipment must meet the equipment requirements specified on the program web site. View the program web site for more information on how to apply and receive rebates. Contact GRU for more details on this offering,"Eligible technologies: Combined Heat & Power, Commercial Cooking Equipment, Water Heaters",Natural Gas Rebates Water Heater: Convert up to two water heaters for up to $800 in rebates Central Heat: Convert up to two furnaces for up to $800 in rebates Cooking Range and Dryer: $75 - $100,,"July 1, 2024",https://www.gru.com/TabID/3659/Default.aspx
City of Tallahassee Utilities - Solar Loans,Florida,,,Finance Solutions,,Residential,"The City of Tallahassee Utilities offers loans with an interest rate of 5% for a variety of energy-saving measures, including photovoltaic (PV) systems and solar water-heating systems. Under this program, customers may borrow up to $20,000 for PV systems. Various other systems can qualify for loans. Loan payments are to be made on monthly utility bills. Customers must first get a vendor price or a contractor's proposal and send it to the utility Energy Services. A city energy audit is required for all solar technology installations. Installation work should not begin until after a signed Loan",Eligible technologies: Solar Photovoltaics,"Up to $20,000",,"January 2, 2026",http://www.talgov.com/you/you-products-home-loans.aspx
Orlando Utilities Commission - Residential Energy Efficiency Rebate Program,Florida,,,Rebates,,Residential,"Orlando Utilities Commission (OUC) offers rebates on a variety of energy efficient improvements for residential customers. Customers should view the program brochure on the web site listed above for more information. Eligible measures include: Window film/solar screens High performance windows Building insulation Heat pumps Duct repair/replacement Electric Vehicle To receive the rebate, a proof of purchase needs to be mailed to OU Customer Connection along with a completed application form. Rebates will be awarded as a credit to the customers OUC bill","Eligible technologies: Air conditioners, Building Insulation, Duct/Air sealing, Plug-in Electric Hybrid Vehicles, Solar Water Heat, Water Heaters, Windows","Ceiling Insulation Upgrade: $0.10/sq. ft. Duct Repair/Replacement: 100% of cost up to $100 Electric Vehicle Purchase or Lease: $200 Energy Start Heat Pump Water Heater: $500 Energy Star Windows: $1.50/sq.ft of windows installed Heat Pump A/C: $45 - $1,150 Solar Thermal Water Heater: 100% of cost up to $900 Window Film or Solar Screen: $0.55/sq. ft.",,"September 3, 2024",https://www.ouc.com/residential/save-energy-water-money/residential-rebates-information
"Clay Electric Cooperative, Inc - Energy Conservation Loans",Florida,,,Finance Solutions,,Residential,"Clay Electric Cooperative, Inc., headquartered in Keystone Heights, Florida, is one of the largest member-owned, not-for-profit electric utilities in the U.S., serving members across six district offices. Formed in 1937, the co-op is known for excellent service and is part of the Touchstone Energy® alliance. Governed by a nine-member board of trustees elected by the membership, the co-op holds an annual meeting each year, with the 2025 gathering held on March 29 in Keystone Heights. Clay Electric offers Energy Conservation Loans of up to $10,000 to help members finance energy efficiency improv","Eligible technologies: Air conditioners, Building Insulation, Doors, Duct/Air sealing, Heat pumps, Programmable Thermostats, Refrigerators/Freezers, Solar Pool Heating, Solar Water Heat, Water Heaters, Windows","Up to $10,000",,"June 20, 2025",https://www.clayelectric.com/energy-rebates-loans
"Clay Electric Cooperative, Inc - Energy Smart Energy Efficiency Rebate Program",Florida,,,Rebates,,Residential,"Rebates are available only to Clay Electric Cooperative (CEC) residential members who are making efficiency upgrades to primary residence served by CEC. To qualify for the insulation rebate, the existing level of insulation must be less than R-19. Only existing homes and facilities can partake in the window film, ceiling insulation and spray foam insulation offerings, not new construction. Contact CEC for any further information on these offerings or visit the program web site","Eligible technologies: HVAC, Insulation, Solar Water Heat, Water Heaters",Ceiling Insulation: $0.11/sqft Spray Foam Insulation: $0.28/sqft Window Film: $0.44/sqft Solar (Window) Shade Screen: $0.44/sqft HVAC: $250 Solar Water Heating: $0.01/BTU Heat Pump Water Heater: $175 Heat Recovery Unit: $200,,"September 30, 2024",https://www.clayelectric.com/energy-rebates-loans
"Clay Electric Cooperative, Inc - Energy Smart Solar Water Heater Rebate Program",Florida,,,Rebates,,Residential,"Clay Electric Cooperative (CEC) provides a rebate of $0.01 per BTU output to its residential members when they purchase qualified solar water heaters. This rebate is capped at 60,000 BTUs per system, or $600. Eligible solar water heaters can be either passive or active systems. The proposed solar system must meet Florida Solar Energy Center (FSEC) specifications and be installed by a contractor certified to install solar water heating systems by the Florida Department of Professional Regulation's Construction Industry Licensing Board",Equipment Requirements: System must be FSEC certified; Eligible technologies: Solar Water Heat,$0,,"February 11, 2025",https://www.clayelectric.com/energy-rebates-loans
Gulf Power - Residential Energy Efficiency Programs,Florida,,,Rebates,,,"Gulf Power, owned by Southern Company, offers a variety of rebates and programs to make customers' homes more energy efficient through do-it-yourself or professionally installed efficiency measures. Visit the program website or contact the utility for more information",,Air Conditioning Rebates: up to $150 Ceiling insulation: up to $220,,"February 18, 2025",https://www.fpl.com/save/lower-my-bill.html?=icidHT6
City of Tallahassee Utilities - Solar Water Heating Rebate,Florida,,,Rebates,,Residential,The City of Tallahassee Utilities offers a $450 rebate to homeowners* and homebuilders who install a solar water-heating system. This rebate may be applied to a first-time installation or to the replacement of an older solar water-heating system. Homebuilders may also apply for the rebate when installing a solar water heater on a new home. Pool heating systems are not eligible for the rebate. The homeowner must allow the City of Tallahassee to conduct an energy audit on the home in order to make a preliminary assessment of sun exposure and to provide program guidance. All solar water heating e,Equipment Requirements: Must be FSEC-certified and freeze protected; Installation Requirements: Must be installed by a state-certified solar or plumbing contractor; Eligible technologies: Solar Water Heat,$450,,"June 20, 2025",http://www.talgov.com/you/you-products-home-solar-water-rebates.aspx
Orlando Utilities Commission - Solar Programs,Florida,,,Rebates,,Residential & Commercial,"The Orlando Utilities Commission (OUC) offers a rebate program for customers who install solar thermal water heaters, helping to reduce the upfront costs of adopting this sustainable technology. The program provides financial incentives to encourage energy-efficient water heating, which can lower energy bills and reduce environmental impact. To take advantage of this opportunity, customers must meet specific eligibility requirements and follow the application process outlined on the OUC website. Start saving on energy costs and contribute to a greener future by applying for the OUC Solar Therm","Eligible technologies: Solar Photovoltaics, Solar Water Heat",$900,,"September 23, 2025",https://www.ouc.com/solutions-programs/savings/rebates/solar-thermal-water-heater/
USDA - High Energy Cost Grant Program,Florida,,,Grants,,,"NOTE: The most recent solicitation for this program closed February 28, 2025. Please check the program website for information on future solicitations. The U.S. Department of Agriculture (USDA) offers an ongoing grant program for the improvement of energy generation, transmission, and distribution facilities in rural communities. This program began in 2000. Eligibility is limited to projects in communities that have average home energy costs at least 275% above the national average. Retail power suppliers serving rural areas are eligible to apply for grant funding, including non-profits (coope",Installation Requirements: Both grid-connected and off-grid renewable energy installations are eligible,"$100,000-$3,000,000",,"May 16, 2025",http://www.rd.usda.gov/programs-services/high-energy-cost-grants
Low Income Home Energy Assistance Program (LIHEAP),Florida,,,Grants,,,"The Low Income Home Energy Assistance Program (LIHEAP) provides resources to assist families with energy costs. This federally funded assistance helps in managing costs associated with: Home energy bills Energy crises Weatherization and energy-related minor home repairs The program is available in all 50 U.S. states, Indian Tribe or Tribal organization and U.S. territories that include: American Samoa, Guam, the Northern Mariana Islands, Puerto Rico and the Virgin Islands. The LIHEAP statutes establish 150 percent of the poverty level as the maximum income level allowed in determining LIHEAP i",Equipment Requirements: The LIHEAP program may require households to meet additional eligibility criteria to receive LIHEAP assistance,Varies,,"November 18, 2022",https://www.acf.hhs.gov/ocs/low-income-home-energy-assistance-program-liheap
Weatherization Assistance Program (WAP),Florida,,,Grants,,,"Through the Weatherization Assistance Program (WAP), the U.S. Department of Energy (DOE) issues grants to states, territories, and some Indian tribes to improve the energy efficiency of low-income homes in their jurisdictions. The DOE and state governments do not directly issue grants to low-income families or perform the retrofits. Instead, states, territories and Indian governments contract with local governments and nonprofit agencies that provide the weatherization services. Low-income homes that qualify for the program will receive free weatherization services based on the needs of the ho",,Free; specific improvements will be determined on a case-by-case basis depending on the specific needs of the home,,"July 18, 2022",https://www.energy.gov/eere/wap/how-apply-weatherization-assistance
Plug-In Electric Drive Vehicle Tax Credit,Florida,,,Tax Credits,,Residential & Commercial,"Note: Section 70502 of The One Big Beautiful Bill ( OBBB ) repealed this tax credit for equipment placed in service after September 30, 2025. Vehicles placed into service prior to January 1, 2023: The federal government provides a tax credit for the purchase of a new all electric or plug-in hybrid electric vehicle. To qualify, the vehicle must be made by a manufacturer, have a gross vehicle weight rating of not more than 14,000 pounds, and be propelled to a significant extent by an electric motor which draws electricity from a battery which has a capacity of at least 4 kilowatt-hours (kWh)","Eligible technologies: Passenger Electric Vehicles, Plug-in Electric Hybrid Vehicles","Vehicles purchased prior to 1/1/2023: $2,500 plus $417 for each kWh of battery capacity in excess of 4 kilowatt-hours Vehicles purchased after 12/31/2022: Up to $7,500 if certain sourcing requirements are met",09/30/2025,"July 25, 2025",https://www.energy.gov/save/electric-vehicles
Qualified Commercial Clean Vehicle Tax Credit,Florida,,,Tax Credits,,,"Note: Section 70503 of The One Big Beautiful Bill ( OBBB ) repealed this tax credit for equipment placed in service after September 30, 2025. Section 13403 of The Inflation Reduction Act of 2022 ( H.R. 5376 ) established a tax credit for qualified commercial clean vehicles purchased on or after January 1, 2023. To qualify, the vehicle must have a gross vehicle weight rating of less than 14,000 pounds and have a battery rating of not less than 7 kilowatt hours. Mobile machinery, as defined in section 4053(8) (including vehicles that are not designed to perform a function of transporting a load",,30%,09/30/2025,"July 25, 2025",https://www.irs.gov/credits-deductions/commercial-clean-vehicle-credit
Alternative Fuel Vehicle Refueling Property Tax Credit (Corporate),Florida,,,Tax Credits,,,"Note: Section 70504 of The One Big Beautiful Bill ( OBBB ) repealed this tax credit for equipment placed in service after June 30, 2026. P rior to enactment of the OBBB, Section 13404 of The Inflation Reduction Act of 2022 ( H.R. 5376 ) modified and extended the expiration date for the Alternative Fuel Vehicle Refueling Property Credit. Among other changes, it reduced the base tax credit from 30% to 6%, but allows the full 30% for projects that meet certain labor standards. The summary below described the credit as modified by H.R. 5376. Qualified alternative fuel vehicle refueling equipment","Equipment Requirements: The project must be located in a census tract described in section 45D(e) of the IRS Code, or not in an urban area",6%,06/30/2026,"July 25, 2025",https://www.irs.gov/credits-deductions/alternative-fuel-vehicle-refueling-property-credit
Alternative Fuel Vehicle Refueling Property Tax Credit (Personal),Florida,,,Tax Credits,,,"Note: Section 70504 of The One Big Beautiful Bill ( OBBB ) repealed this tax credit for equipment placed in service after June 30, 2026. Qualified alternative fuel vehicle refueling equipment not subject to depreciation allowances, including electric vehicle charging equipment, is eligible for a tax credit of 30% up to $1,000. These projects do not have to meet the same labor standards as commercial projects in order to qualify for the full 30% tax credit. Section 13801 of The Inflation Reduction Act of 2022 also established procedures for other parties to monetize certain tax credits, includi",,30%,,"July 25, 2025",https://www.energy.gov/save/home-upgrades
Florida Power and Light - Residential Energy Efficiency Program,Florida,,,Rebates,,,"Florida Power and Light (FPL) offers rebates to residential customers who implement certain energy efficiency improvements in eligible homes. In addition to rebates, FPL offers a variety of other programs to help customers save energy and money. These programs include On Call, which allows the utility to turn off equipment during peak times in exchange for monthly credit, and BuildSmart, a certification program for energy-efficient new homes. Visit the program website for more information",,"Ceiling Insulation: Save up to $1,420 Air Conditioning: Save up to $2,150",,"July 1, 2024",https://www.fpl.com/save/programs.html
City of Tallahassee Utilities - Residential Energy Efficiency Rebate Program,Florida,,,Rebates,,Residential,"City of Tallahassee Utilities (CTU) offers residential customers rebates for ENERGY STAR appliances, Efficient HVAC Systems, ENERGY STAR homes, Solar Water Heaters, and Natural Gas Appliances. Visit the CTU website for more detailed information about any of these rebates","Equipment Requirements: Efficient HVAC Rebates Air Conditioners (Tier 1): Split systems SEER2 15.2, EER2 12.0 (Package units SEER2 15.2, EER2 11.5) Air Conditioners (Tier 2): Split systems SEER2 17.1, EER2 12 Heat Pumps (Tie; Eligible technologies: Air conditioners, Clothes Washers, Dishwasher, Furnaces, Heat pumps, Lighting, Pool Pumps, Solar Water Heat",Efficient HVAC Rebates Air Conditioners (Tier 1): $100 Air Conditioners (Tier 2): $350 Heat Pumps (Tier 1): $100 Heat Pumps (Tier 2): $350 Heat Pumps (Tier 3): $750 Heat Pump Water Heater: $300 ENERGY STAR Appliance Rebates Dishwasher: $40 Freezer: $40 Refrigerator: $75 Clothes Washer: $100 Pool Pump: $200 Natural Gas Appliance Upgrades Ranges and Ovens: Up to $200 Clothes Dryer: Up to $200 Furnace: Up to $700 Tank or Tankless Water Heaters: Up to $675 Natural Gas Appliance Replacements Ranges a,,"June 23, 2025",http://www.talgov.com/you/you-products-home-index.aspx
Kissimmee Utility Authority - Residential & Commercial Energy Efficiency Rebate Program,Florida,,,Rebates,,Residential & Commercial,Kissimmee Utility Authority (KUA) offers a variety of rebates to residential and commercial customers for energy efficiency improvements. These rebates include: Duct Leak Repair/Replacement Heat Pump Central A/C Replacement Insulation Upgrade LED Lighting Commercial Lighting Electric Hybrid Heat Pump Water Heater Electric Vehicle Home Charger Installation Visit the program website or contact the utility for more information,"Eligible technologies: Air conditioners, Building Insulation, Duct/Air sealing, Heat pumps, Level-2 Electric Vehicle Service Equipment, Lighting, Programmable Thermostats, Water Heaters",Duct Leak Repair/Replacement: 50% of cost Heat Pump Central A/C Replacement: $250 Insulation Upgrade: $0.09/Square Foot Commercial Lighting: $150/kW Electric Hybrid Heat Pump Water Heater: 25% of cost Smart Thermostat: 50% of cost Level II EV Charger: $100,,"November 13, 2024",https://kua.com/energy-conservation-and-renewables/kua-rebates-and-participating-contractors/
New Smyrna Beach - Energy Efficiency Rebate Program,Florida,,,Rebates,,Residential,The Utilities Commission of New Smyrna Beach (UCNSB) is offering rebates to residential customers for the purchase of a variety of energy efficiency improvements. See website for details,"Equipment Requirements: All repairs must be performed by a licensed contractor See program application for full requirement details; Eligible technologies: Air conditioners, HVAC, Heat pumps, Programmable Thermostats",Electric HVAC Residential Rebates Central A/C: $150 - $250 Electric Straight Cooling: $120 - $200 Solar Attic Fan : 25% of cost,,"June 12, 2025",https://www.nsbufl.com/energy-conservation
Tampa Electric - Commercial Energy Efficiency Rebate Programs,Florida,,,Rebates,,,Tampa Electric offers a variety of incentives for commercial and industrial customers to increase the efficiency of eligible facilities. Tampa Electric also offers a free energy audit to non-residential customers to help businesses to use energy more efficiently. All equipment must meet specific energy efficiency standards listed on the program web site. Interested customers should see the program web site for rebate applications and additional program details,Installation Requirements: Equipment must be installed by a pre-approved contractor,"Energy Audit: Free Facility Energy Management System: 50% of project costs Chiller: $50/kW reduction over baseline Smart Thermostats: 50% of project costs up to $4,500 Variable Frequency Drive Control for Compressors: $50/HP Conservation Projects: up to $92/kW reduction will be paid based on the peak-demand savings Electric Unitary Air Conditioners: $19/ton Lighting (Conditioned Space): $250/kW Lighting (Unconditioned Space): $200/kW Lighting Occupancy Sensors: $40/unit Load Management (Cyclic):",,"February 18, 2025",http://www.tampaelectric.com/business/saveenergy/
Lakeland Electric - Residential Conservation Rebate Program,Florida,,,Rebates,,Residential,"Lakeland Electric offers a conservation program for residential customers to save energy in their homes. Rebates are available for heat pumps, HVAC maintenance, attic insulation upgrades, and select ENERGY STAR-rated appliances. The $100 HVAC checkup rebate is for residential customers that have completed a pre-season heating and cooling system tune-up by a licensed HVAC contractor. A list of services that must be completed in order to qualify for the rebate is located on the program website. Heat pumps replacing older, inefficient AC systems must meet all efficiency standards on the program w","Eligible technologies: Clothes Washers, HVAC, Heat pumps, Insulation, Pool Pumps, Programmable Thermostats, Refrigerators/Freezers, Water Heaters",Refrigerator: $75 Clothes Washer: $75 Pool Pump: $300 Water Heater: $450 Wi-Fi Thermostat: $100 HVAC Annual Maintenance: Up to $100 Attic Insulation Upgrade: $300 Energy Efficient Heat Pump: $300,,"January 9, 2025",https://lakelandelectric.com/programs-and-services/energy
Lakeland Electric - Commercial Conservation Rebate Program,Florida,,,Rebates,,Commercial,"Lakeland Electric offers several incentives for commercial customers to save energy in eligible facilities. Rebates are available for energy saving improvements that are recommended through the energy audit, including lighting systems, HVAC and motors. Though lighting systems, HVAC systems and motors are most commonly upgraded under this program, other measures and lighting technologies will be evaluated on a case by case basis. This rebate program is specifically available to GSLD, Interruptible, and ELDC rate customers. All rebates are subject to approval and contingent upon fund availabilit","Eligible technologies: Comprehensive Measures/Whole Building, Lighting",$150,,"February 7, 2025",https://lakelandelectric.com/news/___commercial-customers-conservation-rebate
Beaches Energy Services - Residential Energy Efficiency Rebate Program,Florida,,,Rebates,,Residential,"Beaches Energy Services offers rebates to residential customers as an incentive to install qualifying energy-efficient equipment and measures in existing homes. New construction does not qualify for any of the rebates. Rebates are available for air conditioners, heat pumps, programmable thermostats, window film/solar screens, heat pump water heaters and ceiling insulation upgrades. Equipment must meet certain energy efficiency standards listed on the program web site. The rebate applications can be downloaded from the program web site, and applications must be submitted within 60 days or proj","Equipment Requirements: See website for details.; Installation Requirements: See website for details.; Eligible technologies: Air conditioners, Building Insulation, Heat pumps, Solar Water Heat, Water Heaters, Windows",Heat Pumps: $100 - $350 Air Conditioners: $100 - $350 Insulation Upgrade: Up to $300 Heat Pump Water Heater/Solar Water Heater: $500 Window Film/Solar Screen: Up to $100,,"July 2, 2024",http://www.beachesenergy.com/beaches-energy-services-rebates
Fort Pierce Utilities Authority - Residential Energy Efficiency Rebate Program,Florida,,,Rebates,,Residential,"Fort Pierce Utilities Authority offers a variety of incentives for their residential customers to save energy in their homes. Rebates are available for room A/C units, insulation upgrades, central A/C, refrigerators, and clothes dryers. All of the equipment must meet certain energy efficiency standards listed on the program web site. Applications for the various rebates are located on the program web site. Once application forms are received and processed, rebates will be paid in the form of a credit on one or more of the customer’s monthly electric consumption bills","Equipment Requirements: High Efficiency Central A/C: 14.3 SEER2 Added insulation: added to achieve R-30, minimum addition of R-19 New Insulation: R-30 Refrigerator: Energy Star Room AC: Energy Star; Eligible technologies: Air conditioners, Building Insulation, Insulation, Other EE, Refrigerators/Freezers, Solar Water Heat, Tankless Water Heater, Water Heaters",Solar Hot Water Heater: $450 per unit Insulation (New): $0.40 per square ft Insulation (Added): $0.125 per square ft ENERGY STAR Refrigerator: $50 per unit ENERGY STAR Room Air Conditioner: $150 per unit High Efficiency Central A/C: $500 Tank Water Heater: $350 - $500 per unit Tankless Water Heater: $550 - $675 per unit Clothes Dryer: $100 - $150 per unit Range: $100 - $200 per unit Furnace: $500 - $725 per unit,,"June 18, 2025",https://fpua.com/ways-to-save/
Florida Public Utilities - Residential HVAC Rebate Program,Florida,,,Rebates,,,Florida Public Utilities offers rebates to electric residential customers who improve the efficiency of homes. Central air conditioners and heat pumps which meet program requirements are eligible for up to a $100 rebate from FPU. Units must be 15 SEER or higher in order to be eligible. Contact FPU for more information on this program,Equipment Requirements: The minimum requirement for the FPUC rebate program is 15 SEER,Type 1 – Heat pump replacing resistance heat: $75 - $100 Type 2 – Heat pump replacement: $25 - $100 Type 3 – Air conditioner replacement: $25 - $100 Type 4 – New heat pump or air conditioner: $25 - $100,,"June 20, 2025",http://www.fpuc.com/electric/residential/rebates/
Florida Public Utilities - Commercial Energy Efficiency Rebate Programs,Florida,,,Rebates,,,"Florida Public Utilities offers the Energy for Life Conservation program to commercial electric customers to save energy in facilities. Rebates are available for lighting, chiller, heat pump, air conditioning, and window film applications. Lighting and chiller rebates vary based upon the amount of energy saved through the equipment upgrade. All program equipment must be met in order to qualify for rebates. Contact FPU for more information on these offerings",Equipment Requirements: AC/Heat Pump: New system must be at least 15 SEER; see web site for further details,AC/Heat Pump: $25 - $100 Chiller: Up to $175/kW Reflective Roofs for Existing Homes: $0.325 per square foot Reflective Roofs for New Roofs: $0.075 per square foot,,"February 18, 2025",http://www.fpuc.com/electric/commercial/commercial-rebates/
Florida Public Utilities (Gas) - Residential Energy Efficiency Rebate Programs,Florida,,,Rebates,,,"Florida Public Utilities offers the Energy for Life Conservation Program to its residential natural gas customers to save energy in their homes. Rebates are available for existing residences and new construction. Customers can receive rebates for installing new energy efficient natural gas tankless water heaters, tank water heaters, heating systems, stoves, and clothes dryers. The rebate amount depends on whether the customer is replacing existing natural gas equipment or converting from electric to natural gas. Rebate amounts for new construction differ slightly from those offered to existing",,"Tank Water Heater: $350 - $550 High-Efficiency Tank Water Heater: $400 - $550 Tankless Water Heater: $550 - $675 Furnace: $500 - $725 Cooking Range: $100 - $200 Clothes Dryer: $100 - $150 Service Reactivation: $350 Also, earn up to $1,200 per unit when you install eligible residential natural gas space conditioning units.",,"February 18, 2025",http://www.fpuc.com/naturalgas/rebates-conservation/rebates/
City of Tallahassee Utilities - Efficiency Loans,Florida,,,Finance Solutions,,Residential & Commercial,"The City of Tallahassee Utilities offers loans with an interest rate of 5% for more than 25 different energy-saving measures. Under this program, residential and commercial customers may borrow up to $15,000 for varying energy efficiency measures. For Solar Photovoltaics or ENERGY STAR roofing, the maximum loan amount is $20,000 so long as no other loan measures are bundled with these. For detailed information contact the utility","Eligible technologies: Air conditioners, Building Insulation, Doors, Furnaces, Heat pumps, Lighting, Reflective Roofs, Refrigerators/Freezers, Roofs, Solar Photovoltaics, Water Heaters, Windows",max 15000.0000 $; max 20000.0000 $,,"January 2, 2026",http://www.talgov.com/you/you-products-home-loans.aspx
Ocala Utility Services - Energy Efficiency Rebate Program,Florida,,,Rebates,,Residential & Commercial,"Ocala Utility Services offers rebates on A/C and heat pumps, refrigerators and freezers, dishwashers, clothes washers, and insulation. Commercial customers are only eligible for insulation and lighting rebates. Ocala also has a rebate program for solar water heaters. For more information on these rebates and for downloadable rebate forms please go to the website above","Equipment Requirements: See website for more details.; Eligible technologies: Air conditioners, Building Insulation, Clothes Washers, Dishwasher, HVAC, Heat pumps, LED Lighting, Lighting, Programmable Thermostats, Refrigerators/Freezers, Solar Water Heat, Water Heaters","ENERGY STAR® Refrigerators: $75 ENERGY STAR® Dishwasher: $75 ENERGY STAR® Clothes Washer: $100 ENERGY STAR® Freezer: $50 Attic Insulation: $0.10 per square foot, with an additional $75 for residential self-installed insulation Air Conditioner and Heat Pump: $250 ENERGY STAR® Heat Pump Water Heater: $450 Package Terminal A/C or Heat Pump: $50/ton Commercial Lighting: $100 per kW Programmable Thermostats: $100 Solar Water Heater: $450 HVAC Tune-Up: $75 Duct Leak Repair: $300",,"February 10, 2025",https://www.ocalafl.org/government/city-departments-a-h/electric-utility/rebates
Ocala Utility Services - Solar Hot Water Heating Rebate Program,Florida,,,Rebates,,Residential,"The Solar Water Heater Rebate Program is offered to residential retail electric customers by the City of Ocala Utility Services. Interested customers must complete an application and receive approval from the Ocala Utility Services before installing equipment. The application can be found on the program website. The system must be installed by a licensed Florida contractor on the customer's premises, which must be located within the Utility service territory. The system must be new and take the place of an electric hot water heater. Solar pool heating systems and other solar thermal technologi","Equipment Requirements: Florida Solar Energy Center Certified solar domestic water heating equipment only Rebuilt, refurbished, or relocated equipment is not eligible; Installation Requirements: Must be installed by a licensed Florida contractor; Eligible technologies: Solar Water Heat",$450,,"February 11, 2025",https://www.ocalafl.org/government/city-departments-a-h/electric-utility/rebates
Beaches Energy Services - Solar Water Heating Rebate Program,Florida,,,Rebates,,Residential,Beaches Energy Services offers a solar water heating rebate to their residential customers. This $500 rebate applies to new systems which are properly installed and certified. New construction and solar pool heating systems do not qualify for the rebate payment. Systems must be installed by a licensed Florida contractor and must be FSEC certified. Rebates will not be issued until equipment is fully installed. Rebates may take between four to six weeks to process. There is a one rebate maximum for all participating customers. The rebate applications can be downloaded from the program web site l,Equipment Requirements: Must be Florida Solar Energy Center (FSEC) certified All system components must be new Systems must be guaranteed against freeze damage Solar pool heating systems ineligible; Installation Requirements: Newly constructed homes are not eligible for rebate Systems must be installed by a licensed Florida contractor according to manufacturer specifications System must be at least 80% shade free Systems m; Eligible technologies: Solar Water Heat,$500,,"February 10, 2025",https://www.beachesenergy.com/my-account/rebates
JEA - Commercial Energy Efficiency Rebate Program,Florida,,,Rebates,,Residential & Commercial,"JEA offers a variety of rebates to commercial customers for purchasing and installing energy-efficient equipment in eligible facilities. Some incentives are awarded on a flat rebate amount while others are calculated based on capacity, efficiency, or energy savings. All equipment must meet or exceed the stated program efficiency requirements. Measures not covered by a prescribed incentive may be eligible for the custom incentive amount. Contact JEA or view the program website listed above for more information on eligible equipment, facilities, or measures","Equipment Requirements: See program web site for full details; Eligible technologies: Air conditioners, Commercial Refrigeration Equipment, Custom/Others pending approval, Direct Current Fast Charging Equipment, HVAC, Level-2 Electric Vehicle Service Equipment, Lighting, Lighting Controls/Sensors, Motor VFDs, Roofs, Water Heaters, Windows","Electric Measures Level 2 Charger: $850 DCFC: $3,000 Lighting: $0.12 per watt reduced Lighting Controls: $10 - $20 per control 3-phase unitary air conditioner: $25 - $40 per ton 3-phase unitary heat pump: $25 - $40 per ton Single-phase unitary A/C and heat pump (less than 65,000 BTU/hr): $150 per system All Chillers: ($5 x tons) + ($175 x tons) + (min IPLV - actual IPLV) PTAC and PTHP: $50 per ton HVAC Tune-Up: $50 per system VFDs: $50 per HP Refrigeration: $50 - $75 per unit Cool Roof: $0.10 pe",,"April 3, 2026",https://www.jea.com/business_resources/rebates_for_businesses/
Solar and Energy Loan Fund (SELF),Florida,,,Finance Solutions,,Residential,"The non-profit Solar and Energy Loan Fund (SELF) provides unsecured personal loans to qualifying Florida Homeowners for: SELF gives qualifying homeowners the ability to secure financing for: Weatherization and insulation Replacement of inefficient air-conditioning systems Solar thermal and solar photovoltaic (PV) systems Roofs, windows, doors, and hurricane shutters disability products and aging in place SELF provides home improvement loans up to $55,000. History In June 2010, St. Lucie County received a grant award through the U.S. Department of Energy’s Energy Efficiency Block Grant Program","Eligible technologies: Air conditioners, Building Insulation, Caulking/Weather-stripping, Solar Photovoltaics, Solar Thermal Electric, Windows","Up to $55,000",,"January 2, 2026",http://www.solarenergyloanfund.org
Fort Pierce Utilities Authority - Solar Water Heating Rebate,Florida,,,Rebates,,,Fort Pierce Utilities Authority is offering a Solar Water Heating rebate program. Flat rebates of $450 are now available to residential customers toward the installation of new solar water heating units. Systems must be certified by the Florida Solar Energy Center and installed by a licensed Florida contractor to qualify. Rebates are limited to one per household,Equipment Requirements: System must be FSEC certified; Installation Requirements: Unit must be installed by a license Florida contractor,$450,,"February 7, 2025",https://fpua.com/ways-to-save/
City of Lauderhill - Revolving Loan Program,Florida,,,Finance Solutions,,Residential,"The City of Lauderhill offers interest-free loans for EnergyStar appliances through a municipal revolving loan program. Loans from $400 to $2,500 are available to homeowners purchasing new Energy Star-certified appliances from eligible retailers. Tankless water heaters, solar photovoltaic systems, and solar water heating systems are also eligible for the loan program. Loan funds have a one or two-year repayment plan. Eligibility will be determined within 10 business days. Loan funds are made payable directly to the retailer within a week of the time the final loan documents are signed. A check","Eligible technologies: Air conditioners, Clothes Washers, Dishwasher, Other EE, Refrigerators/Freezers, Solar Photovoltaics, Solar Water Heat, Tankless Water Heater","Up to $2,500",,"January 2, 2026",https://www.lauderhill-fl.gov/community-services/interest-free-loans
Florida Keys Electric Cooperative - Residential Rebate Program,Florida,,,Rebates,,Residential,"Florida Keys Electric Cooperative offers residential members rebates for installing energy efficient measures. To qualify for rebates, members must first call FKEC and make an appointment for a free home energy audit. An FKEC trained auditor will assess the home and make recommendations for energy savings. From those recommendations members can qualify for rebates for installations such as: Central Air Conditioners Ductless Mini Split Air Conditioners Room Air Conditioners Solar Water Heat Insulation Window Film or Solar Screen Caulk/Weather-Stripping Cool/Reflective Roof Coating For more info","Equipment Requirements: Central A/C: SEER2 15.3 or more Ductless Mini Split A/C: SEER 18 or more Room A/C: EER2 11.00 or more; Eligible technologies: Air conditioners, Building Insulation, Caulking/Weather-stripping, Level-2 Electric Vehicle Service Equipment, Programmable Thermostats, Windows",Central A/C: 30% Ductless Mini Split A/C: 30% Room A/C: 30 % Insulation: 30% Window Film/Solar Screen: 100% Caulk/Weather-Stripping: 100% Cool/Reflective Roof Coating: $25 per 5 gallon bucket Electric Vehicle Charger: Up to $350 Programmable Thermostat: Up to $100,,"February 10, 2025",https://fkec.com/services/residential-rebate-program/
City of Winter Park Energy Conservation Rebates & Incentive Program,Florida,,,Rebates,,,"The City of Winter Park offers rebates to Winter Park electric residential and commercial customers for implementing energy conservation measures. Residential customers can qualify for rebates on duct repair, attic insulation, toilets, washing machines, weather based smart irrigation controllers. Also, customers can receive a home energy audit for free. See program web site for full list of rebate amounts and application instructions",,"Residential Home Energy Use Audit: FREE Duct Repair: 50% of cost, up to $300 Attic Insulation: 50% of cost, up to $200 Toilets: $100/per toilet Washing Machine: $100 Weather Based Smart Irrigation Controller: $100",,"June 21, 2023",https://cityofwinterpark.org/residents-guests/residents/rebates/
Orlando Utilities Commission - Commercial Energy Efficiency Rebate Program,Florida,,,Rebates,,,Orlando Utilities Commission (OUC) offers rebates on a variety of energy efficient improvements for commercial customers.Prescriptive and custom incentives are available. Eligible measures include: Window Film or Solar Screens Energy Star Windows Cool/Reflective Roof Ceiling Insulation Upgrades Heat Pumps Duct Repair/Replacements A/C Proper Sizing w/ R-30 Attic Insulation Energy Star Heat Pump Water Heaters Random on-site verification may be scheduled prior to issuing rebates. Rebates are paid as a credit on the customer's bill,,"Ceiling Insulation Upgrade: $0.10/sq. ft. Cool/Reflective Roof: $0.12/sq. ft. Lighting Projects: $250/kW of demand reduction Duct Repair/Replacement: 100% of cost up to $100 Heat Pump Water Heater: $500 Windows: $1.50/sq. ft. Heat Pump A/C: $45 - $1,150/ton Window Film or Solar Screen: $0.55/sq. ft.",,"February 20, 2025",http://www.ouc.com/business/business-rebates-programs/business-rebates-information
Property Tax Abatement for Renewable Energy Property,Florida,,,Tax Credits,,Residential & Commercial,"Florida provides a 100% property tax exemption for residential renewable energy property and an 80% property tax abatement for non-residential renewable energy property. Eligible renewable energy property includes solar photovoltaic (PV) systems, solar PV plus storage systems, wind energy systems, solar water heaters, and geothermal heat pumps installed on or after January 1, 2013. For the purpose of assessing property taxes for a home, an increase in the just value of the property attributable to the installation of this equipment should be ignored. The exemption applies to the following type","Eligible technologies: Geothermal Heat Pumps, Lithium-ion, Solar Photovoltaics, Solar Water Heat, Wind (All), Wind (Small)",100%,12/31/2037,"January 2, 2026",https://programs.dsireusa.org/system/program/detail/5426
Florida Public Utilities (Gas) - Commercial Energy Efficiency Rebates,Florida,,,Rebates,,,"Florida Public Utilities offers commercial natural gas customers energy efficiency rebates to save energy in facilities. Rebates are available for water hears, dryers, fryers, cooking ranges, and gas-fired heat pumps & space conditioning systems. Rebates vary based on industry. All program requirements must be met in order to qualify for rebates. Contact FPU for more information on these offerings",Eligible System Size: See website for details.; Equipment Requirements: See website for details.; Installation Requirements: See website for details,"New Construction Tank Water Heater: $1,000 - $1,500 Tankless Water Heater: $2,000 Dryer: $1,500 Range: $1,500 Fryer: $3,000 Replacement (electric to gas) Tank Water Heater: $1,500 - $2,000 Tankless Water Heater: $2,500 Dryer: $1,500 Range: $1,500 Fryer: $3,000 Retention (gas to gas) Tank Water Heater: $1,000 - $1,500 Tankless Water Heater: $2,000 Dryer: $1,500 Range: $1,500 Fryer: $3,000 Other Gas-Fired Heat Pumps & Space Conditioning Systems: $50/ton Natural Gas Desiccant Dehumidifiers: $50/ton",,"February 19, 2025",https://fpuc.com/commercial/commercial-rebates/
Beaches Energy Services - Commercial Energy Efficiency Rebate Program,Florida,,,Rebates,,Commercial,"Beaches energy services offers rebates to its commercial customers for the installation of energy efficient lighting systems. All work must be performed on an existing building by a licensed Florida contractor. Interested customers should contact a Beaches Energy Services Conservation Specialist prior to the installation to make sure the project qualifies for the rebate. If the lighting project qualifies, commercial customers will be able to receive $150 per kW reduced up to $5,000. Contact the utility or visit the program website for more information","Eligible technologies: LED Lighting, Lighting",$150,,"February 10, 2025",http://www.beachesenergy.com/beaches-energy-services-rebates
Florida Keys Electric Cooperative - Solar Loan Program,Florida,,,Finance Solutions,,Residential & Commercial,"Florida Keys Electric Cooperative (FKEC) offers a loan program for the purchase and installation of a grid-tied Distributed Energy Resource (DER) system. This can be both a battery storage system or a photovoltaic system. This program is offered to both residential and commercial customers. To participate, customers must have a ""clean"" billing history with FKEC for at least 12 months for residential customers and at least 24 months for commercial customers","Eligible technologies: Lithium-ion, Solar Photovoltaics","Up to $35,000",,"January 2, 2026",https://fkec.com/green-power/solar-loan-program/
Lakeland Electric - Residential Energy Efficiency Loan Program,Florida,,,Finance Solutions,,Residential,"Lakeland Electric offers a zero-interest loan program to its customers who wish to make energy efficiency upgrades. Eligible measures include windows, HVAC, heat pump water heaters, air sealing and insulation, solar PV, geothermal heat pumps, and solar water heater systems. The minimum loan amount is $500 and the maximum is $5,000. There is also a one-time filing fee that will be applied to a customer's utility bill. For a $5,000 loan, this fee has been around $90.50. Loans are repaid monthly after the project has been completed","Eligible technologies: Building Insulation, Duct/Air sealing, Geothermal Heat Pumps, HVAC, Solar Photovoltaics, Solar Water Heat, Water Heaters, Windows","Up to $5,000",,"January 2, 2026",https://lakelandelectric.com/programs-and-services/energy?tab=tabrebate
Orlando Utilities Commission - Electric Vehicle Rebate Program,Florida,,,Rebates,,Residential,Customers of the Orlando Utilities Commission are eligible to receive a $200 rebate for the purchase or lease of a plug-in electric vehicle. Visit the program website for more information,Eligible technologies: Passenger Electric Vehicles,$200,,"March 24, 2025",https://www.ouc.com/residential/save-energy-water-money/electric-vehicles
Orlando Utilities Commission - Efficiency Delivered®,Florida,,,Rebates,,,"Customers of the Orlando Utilities Commission are eligible to receive up to $2,500 in energy and water efficiency home upgrades. Home improvements include: A/C tune-up Air filter replacement Attic insulation Attic pull down stair ladder cover Blower door testing Caulking and weather stripping Choice of thermostat replacement Duct leak repairs Evaporator coil cleaning Hot water pipe & A/C refrigerant line insulation Irrigation repairs Minor plumbing repairs Toilet replacement Water flow restrictors WaterSense labeled irrigation controller Window film installation",,"Household Income: Less than $40,000 - 85% of cost $40,001-$60,000 - 50% of cost Greater than $60,000 - Point-of-sale rebates",,"July 1, 2024",https://www.ouc.com/residential/save-energy-water-money/efficiency-delivered-from-ouc
Duke Energy Florida - Commercial Charger Rebate,Florida,,,Rebates,,Residential & Commercial,"Duke Energy Florida offers rebates for qualifying businesses, cities, schools, and multi-family buildings to install level 2 EV chargers and DCFCs for fleets, school buses, and transit buses","Eligible technologies: Direct Current Fast Charging Equipment, Level-2 Electric Vehicle Service Equipment","Public Level 2 Chargers: up to $627 rebate per charger Multi-unit Dwelling Level 2 Chargers: up to $304 rebate per charger Workplace Level 2 Chargers: up to $434 rebate per charger Fleet Level 2 Charger: up to $1,175 rebate per charger Public DC Fast Charger: up to $4,195 rebate per charger School Bus DC Fast Charger: up to $20,889 rebate per charger Transit Bus DC Fast Charger: up to $24,423 rebate per charger Fleet DC Fast Charger: up to $35,600 rebate per charger Forklift (Fast Charger): up t",,"January 5, 2025",https://www.duke-energy.com/business/products/ev-complete/charger-prep-credit
Florida - National Electric Vehicle Infrastructure (NEVI) Formula Grant Program,Florida,,,Grants,,,"The Florida Department of Transportation's (DOT) strategy for funding deployment begins in FY22, which will focus on planning. With federal funding unlocked for FY23, the state will also focus on procurement and implementation of charging infrastructure. As the state nears FY25 and FY26, NEVI funding will be utilized for operations and maintenance of infrastructure, with additional opportunities for funding to be analyzed through the next five years. The state will add about 6,772 charging ports across 6,244 miles of designated EV corridors. The DOT's advertising for Phase 1 Request for Applic",,Varies,,"January 2, 2026",https://www.fdot.gov/planning/policy/ev/electric-vehicle-infrastructure-funding
Duke Energy Florida - Off-Peak Charging Credit,Florida,,,Rebates,,Residential,Duke Energy Florida offers residential customers with a level 2 charger a $7.50 credit on their monthly Duke Energy bill if they charge during off-peak hours,Eligible technologies: Level-2 Electric Vehicle Service Equipment,$7.5M,,"January 5, 2025",https://www.duke-energy.com/home/products/ev-complete/off-peak-credit
JEA - Commercial Fleet Electrification Program,Florida,,,Rebates,,Commercial,This program provides JEA's commercial customers with resources to transition their fleet vehicles to either battery electric (BEV) or plug-in hybrid vehicles (PHEV). See their website for details,Eligible technologies: Make-Ready Equipment,"Up to $15,000",,"February 6, 2025",https://www.jea.com/Business_Resources/Rebates_for_Businesses/Electrification_Rebates_Program/
Kissimmee Utility Authority - Residential Electric Vehicle Charger Rebate,Florida,,,Rebates,,Residential,Kissimmee Utility Authority (KUA) is offering a $100 rebate for residential electric vehicle chargers. See their application for details,Eligible technologies: Level-2 Electric Vehicle Service Equipment,$100,,"February 6, 2025",https://kua.com/energy-conservation/rebates/level-2-home-ev-charger-rebate/
Ductwork Program,Florida,Tampa,"33602, 33603, 33604, 33605, 33606, 33607, 33609, 33610, 33611, 33612, 33613, 33614, 33615, 33616, 33617, 33618, 33619, 33620, 33621, 33624, 33625, 33626, 33629, 33634, 33635, 33637, 33647",Rebates,Ductwork sealing,Residential,"Saves you money – up to 20 percent on your annual heating and cooling costs, improves air quality, minimizes future leaks, and increases comfort level",A pre-approval inspection by a Tampa Electric energy analyst is required,$125,,,https://www.tampaelectric.com/residential/saveenergy/ductwork/
Ceiling Insulation Rebate,Florida,Tampa,"33602, 33603, 33604, 33605, 33606, 33607, 33609, 33610, 33611, 33612, 33613, 33614, 33615, 33616, 33617, 33618, 33619, 33620, 33621, 33624, 33625, 33626, 33629, 33634, 33635, 33637, 33647",Rebates,Ceiling Insulation,Residential,"Rebate for installing ceiling insulation, available for owner-installed insulation and work performed by a licensed contractor participating in the program","A pre-approval attic inspection is required, and the rebate is available for installations of R-11 insulation",$0,,,https://www.tampaelectric.com/residential/saveenergy/ceilinginsulation/
Heating and Cooling Program,Florida,Tampa,"33602, 33603, 33604, 33605, 33606, 33607, 33609, 33610, 33611, 33612, 33613, 33614, 33615, 33616, 33617, 33618, 33619, 33620, 33621, 33624, 33625, 33626, 33629, 33634, 33635, 33637, 33647",Rebates,Residential air conditioning,Residential,"Earn a rebate when replacing an old, inefficient ducted air conditioning system with a new, energy-efficient system that meets Tampa Electric's energy-saving requirements",Available to all residential customers. Qualifying systems include: A SEER (16.00) or SEER2 (15.20) is required for a rebate. Minimum Seasonal Energy Efficiency Rating SEER (16.00) or SEER2 (15.20) is required to participate. Geothermal systems are eligible with a minimum EER of 14.0,$40; $550,,,https://www.tampaelectric.com/residential/saveenergy/heatingcooling/
ENERGY STAR Certified Homes,Florida,Tampa,"33602, 33603, 33604, 33605, 33606, 33607, 33609, 33610, 33611, 33612, 33613, 33614, 33615, 33616, 33617, 33618, 33619, 33620, 33621, 33624, 33625, 33626, 33629, 33634, 33635, 33637, 33647",Rebates,Residential energy efficiency,Residential,"Homeowners can receive a rebate of $425 for building an ENERGY STAR certified home, which delivers energy efficiency savings up to 30 percent when compared to typical new construction",Homes must meet ENERGY STAR standards and receive an ENERGY STAR certificate,$425,,,https://www.tampaelectric.com/residential/saveenergy/energystarnewconstruction/
ENERGY STAR Certified Apartments and Condos (Multifamily),Florida,Tampa,"33602, 33603, 33604, 33605, 33606, 33607, 33609, 33610, 33611, 33612, 33613, 33614, 33615, 33616, 33617, 33618, 33619, 33620, 33621, 33624, 33625, 33626, 33629, 33634, 33635, 33637, 33647",Rebates,Multifamily energy efficiency,Multifamily,"Owners or developers can receive a rebate of $345 for each residential unit within a building that receives an ENERGY STAR certificate, which appeals to savvy buyers and renters looking to maximize savings with reduced heating & cooling, water and other monthly utility costs",Multifamily buildings must meet ENERGY STAR standards and receive an ENERGY STAR certificate,$345,,,https://www.tampaelectric.com/residential/saveenergy/energystarnewconstruction/
Energy Star Smart Thermostat Rebate,Florida,Tampa,"33602, 33603, 33604, 33605, 33606, 33607, 33609, 33610, 33611, 33612, 33613, 33614, 33615, 33616, 33617, 33618, 33619, 33620, 33621, 33624, 33625, 33626, 33629, 33634, 33635, 33637, 33647",Rebates,Smart Thermostat,Residential,Rebate up to $22 for installing an ENERGY STAR certified smart thermostat to control heating and cooling system,"Must be a new purchase, must have ENERGY STAR label, must be installed on the wall, must submit application within 90 days of purchase date",Up to $22,,2020-11-02,https://www.tampaelectric.com/residential/saveenergy/energystarsmartthermostat/
Neighborhood Weatherization program,Florida,Tampa,"33602, 33603, 33604, 33605, 33606, 33607, 33609, 33610, 33611, 33612, 33613, 33614, 33615, 33616, 33617, 33618, 33619, 33620, 33621, 33624, 33625, 33626, 33629, 33634, 33635, 33637, 33647",Grants,Weatherization;Energy-efficient LED light bulbs;Water heater pipe insulation;Low-flow showerheads;Wall plate thermometer;Refrigerator coil brush;Weather stripping;Caulking;Air filter,Residential,"The Neighborhood Weatherization program provides energy-efficient items and a free Energy Audit to help customers lower their energy costs. The program installs energy-saving items at no cost to the customer, including LED light bulbs, water heater pipe insulation, low-flow showerheads, and more",The program is available to customers located in one of several communities identified by Tampa Electric. Customers can call Tampa Electric at 813-275-3909 to see if their home qualifies,No cost to the customer,,,https://www.tampaelectric.com/residential/saveenergy/neighborhoodweatherization/
My Safe Florida Home Program,Florida,,,Grants,Roof Improvements; Impact Windows and Doors; Garage Door Reinforcement; Secondary Water Barrier Installation,Residential,The My Safe Florida Home Program helps Florida homeowners strengthen their homes through FREE wind mitigation inspections and grant assistance for approved upgrades,"Homeowners must create an account, complete a prioritization questionnaire, and be placed in an inspection group to be eligible for the program","Up to $10,000",,,https://mysafeflhome.com
Energy Efficient Home Improvement Credit,Florida,,,Tax Credits,Exterior doors; windows; skylights and insulation materials; Central air conditioners; water heaters; furnaces; boilers and heat pumps; Biomass stoves and boilers; Home energy audits,Residential,"Tax credits are available for a portion of qualifying expenses for energy improvements to primary residences, including exterior doors, windows, skylights and insulation materials, central air conditioners, water heaters, furnaces, boilers and heat pumps, biomass stoves and boilers, and home energy audits","Homeowners who improve their primary residence, renters, and owners of second homes used as residences are eligible. The credits are never available for improvements made to homes that you don't use as a residence","2022: 30%, up to a lifetime maximum of $500; 2023 through 2025: 30%, up to a maximum of $1,200 (heat pumps, biomass stoves and boilers have a separate annual credit limit of $2,000), no lifetime limit",,2026-03-10,https://www.irs.gov/credits-deductions/home-energy-tax-credits
Residential Clean Energy Credit,Florida,,,Tax Credits,Solar; wind and geothermal power generation; Solar water heaters; Fuel cells; Battery storage,Residential,"Tax credits are available for a portion of qualifying expenses for residential clean energy property, including solar, wind and geothermal power generation, solar water heaters, fuel cells, and battery storage","Homeowners who improve their primary residence, renters, and owners of second homes used as residences are eligible. The credits are never available for improvements made to homes that you don't use as a residence",Up to 30%,,2026-03-10,https://www.irs.gov/credits-deductions/home-energy-tax-credits
Energy Efficient Home Improvement Tax Credit,Florida,,,Tax Credits,Insulation;Windows;Doors;Water Heaters;Furnaces;Boilers;Central Air Conditioners;Heat Pumps;Biomass Stoves or Boilers,Residential,"Up to $1,200 for energy efficiency home improvements, including insulation, windows, doors, water heaters, furnaces, boilers, central air conditioners, heat pumps, and biomass stoves or boilers","Home must be located in the United States, owned and used by the taxpayer as their principal residence, and include a house, houseboat, mobile home, cooperative apartment, condominium, and a manufactured home","Up to $1,200",2025-12-31,,https://www.energystar.gov/about/federal-tax-credits
Florida Assist (FL Assist),Florida,,,Finance Solutions,,Residential,"Up to $10,000 on FHA, VA, USDA and Conventional Loans. 0%, non-amortizing, deferred second mortgage. The FL Assist is not forgivable. Repayment is deferred, except in the event of the sale, transfer, satisfaction of the first mortgage, refinancing of the property or until such a time the mortgagor ceases to occupy the property at which time, the Florida Assist will become due and payable, in full",Must be used with Florida Housing's first mortgage loan. Eligible borrowers must meet the requirements of the Florida Housing Homebuyer Loan Program,"Up to $10,000",,,https://www.floridahousing.org/programs/homebuyer-overview-page
Florida Homeownership Loan Program (FL HLP) Second Mortgage,Florida,,,Finance Solutions,,Residential,"$12,500. 3% fully-amortizing, second mortgage. 30-year term. The FL HLP Second Mortgage carries a monthly payment. The remaining unpaid principal balance (UPB) is deferred, except in the event of the sale, transfer of deed, satisfaction of the first mortgage, refinancing of the property or until such a time the mortgagor(s) ceases to occupy the property as his/her primary residence at which time, the FL HLP Second Mortgage will become due and payable, in full",Must be used with Florida Housing's first mortgage loan. Eligible borrowers must meet the requirements of the Florida Housing Homebuyer Loan Program,"$12,500",,,https://www.floridahousing.org/programs/homebuyer-overview-page
"3%, 4% and 5% HFA Preferred and HFA Advantage PLUS Second Mortgage",Florida,,,Finance Solutions,,Residential,"Borrowers utilizing these down payment and closing cost programs receive 3%, 4% or 5% of the total loan amount in a forgivable second mortgage. This second mortgage is forgiven at 20% a year over its 5-year term when used with Florida Housing’s conventional HFA Preferred for TBA or HFA Advantage for TBA first mortgage products",Must be used with Florida Housing's conventional HFA Preferred for TBA or HFA Advantage for TBA first mortgage products. Eligible borrowers must meet the requirements of the Florida Housing Homebuyer Loan Program,3%,,,https://www.floridahousing.org/programs/homebuyer-overview-page
SHIP - State Housing Initiatives Partnership Program,Florida,,,Grants,New construction; Rehabilitation; Down payment/mortgage assistance; Acquisition of property for affordable housing; Homeownership counseling,Multifamily,"Provides funds to local governments to create partnerships that produce and preserve affordable homeownership and multifamily housing for very low-, low- and moderate-income families",Very-low income households (up to 50 percent of the area median income or AMI); Low income households (up to 80 percent of AMI); Households up to 140 percent of AMI,"$350,000",,,https://www.floridahousing.org/programs/special-programs/ship---state-housing-initiatives-partnership-program/ship---state-housing-initiatives-partnership-program-overview
Hometown Heroes Program,Florida,,,Grants,,Residential,"The Hometown Heroes Program provides down payment and closing cost assistance to first-time, income-qualified homebuyers who are eligible workforce occupations, so they can purchase a primary residence in the community in which they work and serve","Borrowers must meet the occupational requirements, work full time, and be currently employed by a Florida-based employer. Eligible occupations include health care workers, school staff members, first responders, public safety or court employees, or child care workers; servicemembers of the United States military or military reserves, the United States Coast Guard or its reserves, or the Florida National Guard; or veterans employed full-time by a Florida-based employer","Up to 5% of the total first mortgage loan amount (maximum of $35,000/minimum of $10,000) in funds towards down payment and closing cost assistance.",,,https://www.floridahousing.org/live-local-act/hometown-heroes-program
Owner-Occupied Rehabilitation (OOR) Program,Florida,Hillsborough County,"33508, 33509, 33510, 33511, 33527, 33530, 33534, 33547, 33548, 33549, 33550, 33556, 33558, 33559, 33563, 33564, 33565, 33566, 33567, 33569, 33570, 33572, 33573, 33578, 33579, 33584, 33586, 33592, 33594, 33596, 33598, 33602, 33603, 33604, 33605, 33606, 33607, 33609, 33610, 33611, 33612, 33613, 33614, 33615, 33616, 33617, 33618, 33619, 33620, 33621, 33624, 33625, 33626, 33629, 33634, 33635, 33637, 33647",Finance Solutions,Roof replacement; Plumbing or sewer/septic system; Electrical systems; Heat/air conditioning; Accessibility improvements; Doors; Walls; Windows,"Single-family home, villa, or condominium","Provides an interest-free, deferred payment loan to eligible applicants for home repairs and rehabilitation, with the loan being forgiven over 5-15 years","Must own a single-family home, villa, or condominium in Unincorporated Hillsborough County, Plant City, or Temple Terrace, meet income eligibility requirements, have a homestead exemption for the past two years, and be current on property taxes","Up to $300,000",,,https://hcfl.gov/residents/property-owners-and-renters/homeowners-and-neighborhoods/get-financial-assistance-with-home-repairs
HRRP — Storm Damage Repair,Florida,Hillsborough County,"33508, 33509, 33510, 33511, 33527, 33530, 33534, 33547, 33548, 33549, 33550, 33556, 33558, 33559, 33563, 33564, 33565, 33566, 33567, 33569, 33570, 33572, 33573, 33578, 33579, 33584, 33586, 33592, 33594, 33596, 33598, 33602, 33603, 33604, 33605, 33606, 33607, 33609, 33610, 33611, 33612, 33613, 33614, 33615, 33616, 33617, 33618, 33619, 33620, 33621, 33624, 33625, 33626, 33629, 33634, 33635, 33637, 33647",Grants,Home repairs for storm-related damage,Single-family residences,"Home repairs for storm-related damage, up to $150,000 or 50% of pre-storm value of the property. Damage to land, landscaping, fencing, or other site features are not eligible","Located in Hillsborough County, single-family homeowners, not renters or landlords, household income up to 120% of the Area Median Income (AMI) with priority to households with income up to 80% of AMI, primary residence, and damaged property not in a regulatory floodway","Up to $150,000",,,https://rebuildingfortomorrow.hcfl.gov/en-US/H/SFH/?id=cf6516e0-9f24-f111-8341-7ced8d6f4b5b
HRRP — Reconstruction & Replacement,Florida,Hillsborough County,"33508, 33509, 33510, 33511, 33527, 33530, 33534, 33547, 33548, 33549, 33550, 33556, 33558, 33559, 33563, 33564, 33565, 33566, 33567, 33569, 33570, 33572, 33573, 33578, 33579, 33584, 33586, 33592, 33594, 33596, 33598, 33602, 33603, 33604, 33605, 33606, 33607, 33609, 33610, 33611, 33612, 33613, 33614, 33615, 33616, 33617, 33618, 33619, 33620, 33621, 33624, 33625, 33626, 33629, 33634, 33635, 33637, 33647",Grants,Reconstruction or replacement assistance,Single-family residences,"Reconstruction or replacement assistance, up to $350,000, for homes with storm-related damage to the residential structure only. Damage must be more than $150,000 or 50% of pre-storm value of the property to qualify for reconstruction or replacement. Damage to land, landscaping, fencing, or other site features are not eligible","Located in Hillsborough County, single-family homeowners, not renters or landlords, household income up to 120% of the Area Median Income (AMI) with priority to households with income up to 80% of AMI, primary residence, and damaged property not in a regulatory floodway","Up to $350,000",,,https://rebuildingfortomorrow.hcfl.gov/en-US/H/SFH/?id=cf6516e0-9f24-f111-8341-7ced8d6f4b5b
HRRP — Repair Reimbursement,Florida,Hillsborough County,"33508, 33509, 33510, 33511, 33527, 33530, 33534, 33547, 33548, 33549, 33550, 33556, 33558, 33559, 33563, 33564, 33565, 33566, 33567, 33569, 33570, 33572, 33573, 33578, 33579, 33584, 33586, 33592, 33594, 33596, 33598, 33602, 33603, 33604, 33605, 33606, 33607, 33609, 33610, 33611, 33612, 33613, 33614, 33615, 33616, 33617, 33618, 33619, 33620, 33621, 33624, 33625, 33626, 33629, 33634, 33635, 33637, 33647",Rebates,"Reimbursement of verified, eligible repairs",Single-family residences,"Reimbursement of verified, eligible repairs, up to $50,000. All repairs must be complete, code compliant, and the home must meet decent, safe, and sanitary standards. A minimum of $10,000 will be required for repair reimbursements","Located in Hillsborough County, single-family homeowners, not renters or landlords, household income up to 120% of the Area Median Income (AMI) with priority to households with income up to 80% of AMI, primary residence, and damaged property not in a regulatory floodway","Up to $50,000",,,https://rebuildingfortomorrow.hcfl.gov/en-US/H/SFH/?id=cf6516e0-9f24-f111-8341-7ced8d6f4b5b
Home Energy Improvement,Florida,,,Rebates,HVAC; Windows; Attic insulation; Duct test and repair,Residential,"Earn up to $3,800 in combined rebates for energy efficiency upgrades across your home, including HVAC, windows, attic insulation, and duct test and repair","Available to Duke Energy residential customers only, including renters as well as owners, who have not received an energy audit within the past two years and have completed a Home Energy Check with a qualifying recommendation","Up to $3,800",,,https://www.duke-energy.com/home/products/florida-savings
EnergyWise Home,Florida,,,Rebates,Energy efficiency,Residential,Earn up to $141 in annual bill credits for helping to shift energy use during high demand periods,"Participants must have centrally ducted electric heating and cooling, or centrally ducted electric heating and water heating using equipment compatible with EnergyWise program technology, and meet minimum energy requirements of 600 kWh per month",Up to $141,,,https://www.duke-energy.com/home/products/florida-savings
Solar Energy Subscription - Florida Clean Energy Connection,Florida,,,Rebates,Residential solar,Residential,"Subscribe to solar energy and earn bill credits with no equipment to install or maintain, no upfront cost, and no long-term obligation","No equipment to install or maintain, no upfront cost, no application fees and no investment, no long-term obligation, cancel subscription at any time",$0/year,,,https://www.duke-energy.com/home/products/clean-energy-connection
Ygrene PACE financing,Florida,,,Finance Solutions,Roofing; Windows; Doors; HVAC; Plumbing upgrades; Storm protection; Energy-efficient improvements,Residential; Multifamily; Commercial; Agricultural,"100% no money down financing for energy efficiency, renewable energy, water conservation, and storm protection improvements","Based primarily on home equity, among other factors. No minimum credit score required",Up to 20 years to repay,,,https://ygrene.com/florida/
