program_id,geo_type,geo_value
88b35191d25f,state,Florida
9ed9b232adae,state,Florida
e6e14772444e,state,Florida
c178e96756e0,state,Florida
d3d0c8c0fb47,state,Florida
b59af40fdb49,state,Florida
e9ad8b8ea11e,state,Florida
d9544846bfcd,state,Florida
f5f432504032,state,Florida
8e4379fc6f5d,state,Florida
aa84d58d2c38,state,Florida
f25c8bca2938,state,Florida
10106d481978,state,Florida
dbe52fac99e7,state,Florida
0ead1579e17a,state,Florida
b1da9c625572,state,Florida
231eade8b108,state,Florida
f406d65a781d,state,Florida
9ec4e028fdf3,state,Florida
399e55ed067e,state,Florida
9abe7583795c,state,Florida
5b77e2901394,state,Florida
43c582f0efd7,state,Florida
7dc503cdcbf4,state,Florida
a5e4fe7102f4,state,Florida
cbf91bfe8a60,state,Florida
9fa473703d1a,state,Florida
d065fe16c742,state,Florida
34bc9517ce9e,state,Florida
18b731a20256,state,Florida
ac6565b42573,state,Florida
7e1077c2410d,state,Florida
6514ea4d3dde,state,Florida
1d01971bf921,state,Florida
644d62e956ea,state,Florida
01a7902e95d3,state,Florida
a9ac9553ef5c,state,Florida
bd2aaba67eb8,state,Florida
a4079b7a3b83,state,Florida
846f1a3d1742,state,Florida
689c2e1ec382,state,Florida
0ec99b0737fc,state,Florida
284b2e76e1d6,state,Florida
b56d25c110cd,state,Florida
549edcc0e506,state,Florida
d6af0ef8475e,state,Florida
f1eb83b7a6dd,state,Florida
fbcd966e3aba,state,Florida
e57c5b3c496a,state,Florida
34a49c421e11,state,Florida
31a4cc1531ca,state,Florida
1c1546d32cba,state,Florida
5557828569ad,state,Florida
ce38876a68ef,state,Florida
e080571bb352,state,Florida
357542bca9bb,state,Florida
6b51981c81da,state,Florida
7c4bfee8ecd6,state,Florida
c65f20ab3d9d,state,Florida
4ac5ff401f80,state,Florida
418db50bdf8c,state,Florida
54400e893304,state,Florida
8e680413545e,state,Florida
0067ad271c4d,state,Florida
402be4c2b294,state,Florida
c8a53285df4e,state,Florida
0474cdbebc18,zip,33602
0474cdbebc18,zip,33603
0474cdbebc18,zip,33604
0474cdbebc18,zip,33605
0474cdbebc18,zip,33606
0474cdbebc18,zip,33607
0474cdbebc18,zip,33609
0474cdbebc18,zip,33610
0474cdbebc18,zip,33611
0474cdbebc18,zip,33612
0474cdbebc18,zip,33613
0474cdbebc18,zip,33614
0474cdbebc18,zip,33615
0474cdbebc18,zip,33616
0474cdbebc18,zip,33617
0474cdbebc18,zip,33618
0474cdbebc18,zip,33619
0474cdbebc18,zip,33620
0474cdbebc18,zip,33621
0474cdbebc18,zip,33624
0474cdbebc18,zip,33625
0474cdbebc18,zip,33626
0474cdbebc18,zip,33629
0474cdbebc18,zip,33634
0474cdbebc18,zip,33635
0474cdbebc18,zip,33637
0474cdbebc18,zip,33647
0474cdbebc18,city,Tampa
fe264178a096,zip,33602
fe264178a096,zip,33603
fe264178a096,zip,33604
fe264178a096,zip,33605
fe264178a096,zip,33606
fe264178a096,zip,33607
fe264178a096,zip,33609
fe264178a096,zip,33610
fe264178a096,zip,33611
fe264178a096,zip,33612
fe264178a096,zip,33613
fe264178a096,zip,33614
fe264178a096,zip,33615
fe264178a096,zip,33616
fe264178a096,zip,33617
fe264178a096,zip,33618
fe264178a096,zip,33619
fe264178a096,zip,33620
fe264178a096,zip,33621
fe264178a096,zip,33624
fe264178a096,zip,33625
fe264178a096,zip,33626
fe264178a096,zip,33629
fe264178a096,zip,33634
fe264178a096,zip,33635
fe264178a096,zip,33637
fe264178a096,zip,33647
fe264178a096,city,Tampa
66d8d8822de7,zip,33602
66d8d8822de7,zip,33603
66d8d8822de7,zip,33604
66d8d8822de7,zip,33605
66d8d8822de7,zip,33606
66d8d8822de7,zip,33607
66d8d8822de7,zip,33609
66d8d8822de7,zip,33610
66d8d8822de7,zip,33611
66d8d8822de7,zip,33612
66d8d8822de7,zip,33613
66d8d8822de7,zip,33614
66d8d8822de7,zip,33615
66d8d8822de7,zip,33616
66d8d8822de7,zip,33617
66d8d8822de7,zip,33618
66d8d8822de7,zip,33619
66d8d8822de7,zip,33620
66d8d8822de7,zip,33621
66d8d8822de7,zip,33624
66d8d8822de7,zip,33625
66d8d8822de7,zip,33626
66d8d8822de7,zip,33629
66d8d8822de7,zip,33634
66d8d8822de7,zip,33635
66d8d8822de7,zip,33637
66d8d8822de7,zip,33647
66d8d8822de7,city,Tampa
0ae60f28b71d,zip,33602
0ae60f28b71d,zip,33603
0ae60f28b71d,zip,33604
0ae60f28b71d,zip,33605
0ae60f28b71d,zip,33606
0ae60f28b71d,zip,33607
0ae60f28b71d,zip,33609
0ae60f28b71d,zip,33610
0ae60f28b71d,zip,33611
0ae60f28b71d,zip,33612
0ae60f28b71d,zip,33613
0ae60f28b71d,zip,33614
0ae60f28b71d,zip,33615
0ae60f28b71d,zip,33616
0ae60f28b71d,zip,33617
0ae60f28b71d,zip,33618
0ae60f28b71d,zip,33619
0ae60f28b71d,zip,33620
0ae60f28b71d,zip,33621
0ae60f28b71d,zip,33624
0ae60f28b71d,zip,33625
0ae60f28b71d,zip,33626
0ae60f28b71d,zip,33629
0ae60f28b71d,zip,33634
0ae60f28b71d,zip,33635
0ae60f28b71d,zip,33637
0ae60f28b71d,zip,33647
0ae60f28b71d,city,Tampa
cf9226e78f44,zip,33602
cf9226e78f44,zip,33603
cf9226e78f44,zip,33604
cf9226e78f44,zip,33605
cf9226e78f44,zip,33606
cf9226e78f44,zip,33607
cf9226e78f44,zip,33609
cf9226e78f44,zip,33610
cf9226e78f44,zip,33611
cf9226e78f44,zip,33612
cf9226e78f44,zip,33613
cf9226e78f44,zip,33614
cf9226e78f44,zip,33615
cf9226e78f44,zip,33616
cf9226e78f44,zip,33617
cf9226e78f44,zip,33618
cf9226e78f44,zip,33619
cf9226e78f44,zip,33620
cf9226e78f44,zip,33621
cf9226e78f44,zip,33624
cf9226e78f44,zip,33625
cf9226e78f44,zip,33626
cf9226e78f44,zip,33629
cf9226e78f44,zip,33634
cf9226e78f44,zip,33635
cf9226e78f44,zip,33637
cf9226e78f44,zip,33647
cf9226e78f44,city,Tampa
e74235ca6e79,zip,33602
e74235ca6e79,zip,33603
e74235ca6e79,zip,33604
e74235ca6e79,zip,33605
e74235ca6e79,zip,33606
e74235ca6e79,zip,33607
e74235ca6e79,zip,33609
e74235ca6e79,zip,33610
e74235ca6e79,zip,33611
e74235ca6e79,zip,33612
e74235ca6e79,zip,33613
e74235ca6e79,zip,33614
e74235ca6e79,zip,33615
e74235ca6e79,zip,33616
e74235ca6e79,zip,33617
e74235ca6e79,zip,33618
e74235ca6e79,zip,33619
e74235ca6e79,zip,33620
e74235ca6e79,zip,33621
e74235ca6e79,zip,33624
e74235ca6e79,zip,33625
e74235ca6e79,zip,33626
e74235ca6e79,zip,33629
e74235ca6e79,zip,33634
e74235ca6e79,zip,33635
e74235ca6e79,zip,33637
e74235ca6e79,zip,33647
e74235ca6e79,city,Tampa
024d7cf6f0d1,zip,33602
024d7cf6f0d1,zip,33603
024d7cf6f0d1,zip,33604
024d7cf6f0d1,zip,33605
024d7cf6f0d1,zip,33606
024d7cf6f0d1,zip,33607
024d7cf6f0d1,zip,33609
024d7cf6f0d1,zip,33610
024d7cf6f0d1,zip,33611
024d7cf6f0d1,zip,33612
024d7cf6f0d1,zip,33613
024d7cf6f0d1,zip,33614
024d7cf6f0d1,zip,33615
024d7cf6f0d1,zip,33616
024d7cf6f0d1,zip,33617
024d7cf6f0d1,zip,33618
024d7cf6f0d1,zip,33619
024d7cf6f0d1,zip,33620
024d7cf6f0d1,zip,33621
024d7cf6f0d1,zip,33624
024d7cf6f0d1,zip,33625
024d7cf6f0d1,zip,33626
024d7cf6f0d1,zip,33629
024d7cf6f0d1,zip,33634
024d7cf6f0d1,zip,33635
024d7cf6f0d1,zip,33637
024d7cf6f0d1,zip,33647
024d7cf6f0d1,city,Tampa
8475a1083c0b,state,Florida
27069a723602,state,Florida
e970bbee3771,state,Florida
fdf690721973,state,Florida
69c5bbb15a26,state,Florida
71693b8a254f,state,Florida
f5246e114b62,state,Florida
d79af4a7b2f4,state,Florida
87b3dfc9db57,state,Florida
b40fdd14e340,zip,33508
b40fdd14e340,zip,33509
b40fdd14e340,zip,33510
b40fdd14e340,zip,33511
b40fdd14e340,zip,33527
b40fdd14e340,zip,33530
b40fdd14e340,zip,33534
b40fdd14e340,zip,33547
b40fdd14e340,zip,33548
b40fdd14e340,zip,33549
b40fdd14e340,zip,33550
b40fdd14e340,zip,33556
b40fdd14e340,zip,33558
b40fdd14e340,zip,33559
b40fdd14e340,zip,33563
b40fdd14e340,zip,33564
b40fdd14e340,zip,33565
b40fdd14e340,zip,33566
b40fdd14e340,zip,33567
b40fdd14e340,zip,33569
b40fdd14e340,zip,33570
b40fdd14e340,zip,33572
b40fdd14e340,zip,33573
b40fdd14e340,zip,33578
b40fdd14e340,zip,33579
b40fdd14e340,zip,33584
b40fdd14e340,zip,33586
b40fdd14e340,zip,33592
b40fdd14e340,zip,33594
b40fdd14e340,zip,33596
b40fdd14e340,zip,33598
b40fdd14e340,zip,33602
b40fdd14e340,zip,33603
b40fdd14e340,zip,33604
b40fdd14e340,zip,33605
b40fdd14e340,zip,33606
b40fdd14e340,zip,33607
b40fdd14e340,zip,33609
b40fdd14e340,zip,33610
b40fdd14e340,zip,33611
b40fdd14e340,zip,33612
b40fdd14e340,zip,33613
b40fdd14e340,zip,33614
b40fdd14e340,zip,33615
b40fdd14e340,zip,33616
b40fdd14e340,zip,33617
b40fdd14e340,zip,33618
b40fdd14e340,zip,33619
b40fdd14e340,zip,33620
b40fdd14e340,zip,33621
b40fdd14e340,zip,33624
b40fdd14e340,zip,33625
b40fdd14e340,zip,33626
b40fdd14e340,zip,33629
b40fdd14e340,zip,33634
b40fdd14e340,zip,33635
b40fdd14e340,zip,33637
b40fdd14e340,zip,33647
b40fdd14e340,county,Hillsborough
a1c3c8ddcd8f,zip,33508
a1c3c8ddcd8f,zip,33509
a1c3c8ddcd8f,zip,33510
a1c3c8ddcd8f,zip,33511
a1c3c8ddcd8f,zip,33527
a1c3c8ddcd8f,zip,33530
a1c3c8ddcd8f,zip,33534
a1c3c8ddcd8f,zip,33547
a1c3c8ddcd8f,zip,33548
a1c3c8ddcd8f,zip,33549
a1c3c8ddcd8f,zip,33550
a1c3c8ddcd8f,zip,33556
a1c3c8ddcd8f,zip,33558
a1c3c8ddcd8f,zip,33559
a1c3c8ddcd8f,zip,33563
a1c3c8ddcd8f,zip,33564
a1c3c8ddcd8f,zip,33565
a1c3c8ddcd8f,zip,33566
a1c3c8ddcd8f,zip,33567
a1c3c8ddcd8f,zip,33569
a1c3c8ddcd8f,zip,33570
a1c3c8ddcd8f,zip,33572
a1c3c8ddcd8f,zip,33573
a1c3c8ddcd8f,zip,33578
a1c3c8ddcd8f,zip,33579
a1c3c8ddcd8f,zip,33584
a1c3c8ddcd8f,zip,33586
a1c3c8ddcd8f,zip,33592
a1c3c8ddcd8f,zip,33594
a1c3c8ddcd8f,zip,33596
a1c3c8ddcd8f,zip,33598
a1c3c8ddcd8f,zip,33602
a1c3c8ddcd8f,zip,33603
a1c3c8ddcd8f,zip,33604
a1c3c8ddcd8f,zip,33605
a1c3c8ddcd8f,zip,33606
a1c3c8ddcd8f,zip,33607
a1c3c8ddcd8f,zip,33609
a1c3c8ddcd8f,zip,33610
a1c3c8ddcd8f,zip,33611
a1c3c8ddcd8f,zip,33612
a1c3c8ddcd8f,zip,33613
a1c3c8ddcd8f,zip,33614
a1c3c8ddcd8f,zip,33615
a1c3c8ddcd8f,zip,33616
a1c3c8ddcd8f,zip,33617
a1c3c8ddcd8f,zip,33618
a1c3c8ddcd8f,zip,33619
a1c3c8ddcd8f,zip,33620
a1c3c8ddcd8f,zip,33621
a1c3c8ddcd8f,zip,33624
a1c3c8ddcd8f,zip,33625
a1c3c8ddcd8f,zip,33626
a1c3c8ddcd8f,zip,33629
a1c3c8ddcd8f,zip,33634
a1c3c8ddcd8f,zip,33635
a1c3c8ddcd8f,zip,33637
a1c3c8ddcd8f,zip,33647
a1c3c8ddcd8f,county,Hillsborough
88e20522b69c,zip,33508
88e20522b69c,zip,33509
88e20522b69c,zip,33510
88e20522b69c,zip,33511
88e20522b69c,zip,33527
88e20522b69c,zip,33530
88e20522b69c,zip,33534
88e20522b69c,zip,33547
88e20522b69c,zip,33548
88e20522b69c,zip,33549
88e20522b69c,zip,33550
88e20522b69c,zip,33556
88e20522b69c,zip,33558
88e20522b69c,zip,33559
88e20522b69c,zip,33563
88e20522b69c,zip,33564
88e20522b69c,zip,33565
88e20522b69c,zip,33566
88e20522b69c,zip,33567
88e20522b69c,zip,33569
88e20522b69c,zip,33570
88e20522b69c,zip,33572
88e20522b69c,zip,33573
88e20522b69c,zip,33578
88e20522b69c,zip,33579
88e20522b69c,zip,33584
88e20522b69c,zip,33586
88e20522b69c,zip,33592
88e20522b69c,zip,33594
88e20522b69c,zip,33596
88e20522b69c,zip,33598
88e20522b69c,zip,33602
88e20522b69c,zip,33603
88e20522b69c,zip,33604
88e20522b69c,zip,33605
88e20522b69c,zip,33606
88e20522b69c,zip,33607
88e20522b69c,zip,33609
88e20522b69c,zip,33610
88e20522b69c,zip,33611
88e20522b69c,zip,33612
88e20522b69c,zip,33613
88e20522b69c,zip,33614
88e20522b69c,zip,33615
88e20522b69c,zip,33616
88e20522b69c,zip,33617
88e20522b69c,zip,33618
88e20522b69c,zip,33619
88e20522b69c,zip,33620
88e20522b69c,zip,33621
88e20522b69c,zip,33624
88e20522b69c,zip,33625
88e20522b69c,zip,33626
88e20522b69c,zip,33629
88e20522b69c,zip,33634
88e20522b69c,zip,33635
88e20522b69c,zip,33637
88e20522b69c,zip,33647
88e20522b69c,county,Hillsborough
2fe522599446,zip,33508
2fe522599446,zip,33509
2fe522599446,zip,33510
2fe522599446,zip,33511
2fe522599446,zip,33527
2fe522599446,zip,33530
2fe522599446,zip,33534
2fe522599446,zip,33547
2fe522599446,zip,33548
2fe522599446,zip,33549
2fe522599446,zip,33550
2fe522599446,zip,33556
2fe522599446,zip,33558
2fe522599446,zip,33559
2fe522599446,zip,33563
2fe522599446,zip,33564
2fe522599446,zip,33565
2fe522599446,zip,33566
2fe522599446,zip,33567
2fe522599446,zip,33569
2fe522599446,zip,33570
2fe522599446,zip,33572
2fe522599446,zip,33573
2fe522599446,zip,33578
2fe522599446,zip,33579
2fe522599446,zip,33584
2fe522599446,zip,33586
2fe522599446,zip,33592
2fe522599446,zip,33594
2fe522599446,zip,33596
2fe522599446,zip,33598
2fe522599446,zip,33602
2fe522599446,zip,33603
2fe522599446,zip,33604
2fe522599446,zip,33605
2fe522599446,zip,33606
2fe522599446,zip,33607
2fe522599446,zip,33609
2fe522599446,zip,33610
2fe522599446,zip,33611
2fe522599446,zip,33612
2fe522599446,zip,33613
2fe522599446,zip,33614
2fe522599446,zip,33615
2fe522599446,zip,33616
2fe522599446,zip,33617
2fe522599446,zip,33618
2fe522599446,zip,33619
2fe522599446,zip,33620
2fe522599446,zip,33621
2fe522599446,zip,33624
2fe522599446,zip,33625
2fe522599446,zip,33626
2fe522599446,zip,33629
2fe522599446,zip,33634
2fe522599446,zip,33635
2fe522599446,zip,33637
2fe522599446,zip,33647
2fe522599446,county,Hillsborough
465410d49264,state,Florida
3ecdebd4b9dd,state,Florida
2afa3f00e6a1,state,Florida
048811b628a8,state,Florida
